Tagline,Demographic/Problem/Desire,Potential Lightworker Helper,Possible Actions/Hashtags
"Stressed Professionals - Find Your Inner Peace",Corporate Employees/Burnout,Meditation Teachers/Yoga Instructors,#FindYourCalm #MindfulWork #StressRelief
"Anxious Parents - Nurture Your Soul",Parents/Overwhelmed,Childcare Providers/Therapists,#ParentingSupport #AnxietyRelief #CalmParents
"Lost Graduates - Discover Your Purpose",Recent Graduates/Uncertainty,Life Coaches/Mentors,#FindYourPurpose #CareerJourney #LifeAfterCollege
"Lonely Seniors - Connect and Thrive",Elderly/Isolation,Elderly Care Providers/Community Organizers,#SeniorConnection #LonelinessSupport #GoldenYears
"Creative Block - Unleash Your Potential",Artists/Writers/Musicians/Block,Artists/Musicians/Writers,#CreativeFlow #UnblockYourCreativity #ArtisticInspiration
"Healing from Trauma - Find Your Strength",Trauma Survivors/Emotional Pain,Therapists/Counselors,#TraumaHealing #EmotionalSupport #FindYourStrength
"Environmental Worriers - Act for Change",Environmentalists/Despair,Environmental Activists/Permaculture Designers,#EcoWarriors #ClimateAction #SaveOurPlanet
"Financial Strain - Build Abundance",Financially Struggling/Debt,Financial Advisors/Social Entrepreneurs,#FinancialFreedom #AbundanceMindset #WealthBuilding
"Chronic Illness - Find Holistic Healing",Chronically Ill/Pain,Naturopathic Doctors/Herbalists,#HolisticHealth #ChronicPainRelief #NaturalHealing
"Addiction Recovery - Embrace New Life",Addiction Recovery/Relapse,Addiction Counselors/Spiritual Leaders,#RecoveryJourney #SobrietySupport #NewBeginnings
"Grief and Loss - Find Comfort",Bereaved/Loss,Grief Counselors/Hospice Workers,#GriefSupport #LossAndHealing #ComfortAndStrength
"Relationship Problems - Build Connection",Couples/Relationship Issues,Relationship Counselors/Mediators,#RelationshipGoals #HealthyRelationships #LoveAndConnection
"Weight Struggles - Nourish Your Body",Overweight/Body Image Issues,Nutritionists/Yoga Instructors,#HealthyLiving #BodyPositivity #NourishYourBody
"Career Change - Find Your Passion",Unfulfilled in Career/Desire Change,Life Coaches/Career Counselors,#CareerChange #FindYourPassion #DreamJob
"Social Anxiety - Find Your Tribe",Socially Anxious/Isolation,Social Workers/Community Organizers,#SocialAnxietySupport #FindYourTribe #CommunityConnection
"Spiritual Seeking - Discover Your Path",Spiritual Seekers/Uncertainty,Spiritual Leaders/Meditation Teachers,#SpiritualJourney #FindYourPath #InnerPeace
"Low Self-Esteem - Build Confidence",Low Self-Esteem/Insecurity,Therapists/Life Coaches,#SelfEsteemBoost #ConfidenceBuilding #LoveYourself
"Anger Management - Find Your Calm",Angry Individuals/Frustration,Anger Management Counselors/Meditation Teachers,#AngerManagement #FindYourCalm #InnerPeace
"Procrastination - Find Your Focus",Procrastinators/Lack of Motivation,Life Coaches/Time Management Specialists,#BeatProcrastination #StayFocused #GetThingsDone
"Disenchanted Youth - Find Your Voice",Teenagers/Disillusioned,Youth Counselors/Artists,#TeenEmpowerment #FindYourVoice #YouthInspiration
"Immigrant Struggles - Build Community",Immigrants/Integration Challenges,Community Organizers/Translators,#ImmigrantSupport #CommunityIntegration #CulturalExchange
"Remote Workers - Find Connection",Remote Employees/Isolation,Community Builders/Online Facilitators,#RemoteWorkLife #VirtualCommunity #WorkFromAnywhere
"Caregiver Burnout - Find Respite",Caregivers/Overwhelmed,Respite Care Providers/Therapists,#CaregiverSupport #BurnoutRelief #SelfCare
"First Responders - Heal the Healers",Firefighters/Paramedics/Police/Trauma,Therapists/Energy Healers,#FirstResponderSupport #HealTheHealers #TraumaRecovery
"Teachers - Find Your Balance",Teachers/Stress,Meditation Teachers/Yoga Instructors,#TeacherWellness #BalanceInTeaching #MindfulEducators
"Students/Exam Stress - Find Calm",Students/Exam Anxiety,Meditation Teachers/Therapists,#StudentWellness #ExamStressRelief #CalmStudents
"People Pleasers - Find Your Boundaries",People Pleasers/Lack of Boundaries,Therapists/Life Coaches,#SetBoundaries #SelfRespect #Assertiveness
"Perfectionists - Find Self-Compassion",Perfectionists/Self-Criticism,Therapists/Life Coaches,#SelfCompassion #LetGoOfPerfection #EmbraceImperfection
"Sleep Deprivation - Find Rest",Sleep Deprived/Insomnia,Holistic Health Practitioners/Meditation Teachers,#SleepWell #RestfulNights #HealthySleep
"Digital Overload - Find Disconnection",Tech Addicts/Screen Fatigue,Mindfulness Teachers/Outdoor Educators,#DigitalDetox #MindfulLiving #DisconnectToReconnect
"Fear of Public Speaking - Find Your Voice",Public Speaking Anxiety/Stage Fright,Public Speaking Coaches/Therapists,#PublicSpeakingTips #OvercomeFear #FindYourVoice
"Social Media Addiction - Find Real Connection",Social Media Addicts/Isolation,Community Builders/Social Workers,#SocialMediaDetox #RealConnection #AuthenticLiving
"Lack of Purpose - Find Meaning",Individuals/Lack of Meaning,Life Coaches/Spiritual Leaders,#FindYourMeaning #PurposeDrivenLife #LiveWithPurpose
"Feeling Stuck - Find Your Movement",Stuck in a Rut/Lack of Motivation,Life Coaches/Movement Therapists,#GetUnstuck #FindYourMovement #MoveForward
"Overthinkers - Find Your Presence",Overthinkers/Anxiety,Meditation Teachers/Mindfulness Coaches,#StopOverthinking #BePresent #MindfulLiving
"Lack of Creativity - Find Your Spark",Individuals/Lack of Creativity,Artists/Creative Facilitators,#CreativeSpark #UnlockYourCreativity #ArtisticInspiration
"Feeling Invisible - Find Your Recognition",Individuals/Feeling Unseen,Community Organizers/Artists,#BeSeen #FindYourRecognition #CommunityLove
"Victims of Bullying - Find Your Strength",Bullying Victims/Trauma,Therapists/Counselors,#StopBullying #FindYourStrength #BullyFree
"People with Disabilities - Find Inclusion",People with Disabilities/Exclusion,Advocates/Community Organizers,#DisabilityInclusion #AccessibleWorld #InclusiveCommunity
"Victims of Domestic Violence - Find Safety",Domestic Violence Victims/Trauma,Therapists/Social Workers,#DomesticViolenceAwareness #SafetyFirst #FindYourVoice
"Unemployed - Find Your Opportunity",Unemployed/Job Search,Career Counselors/Social Entrepreneurs,#JobSearchHelp #NewOpportunities #CareerGrowth
"Feeling Unheard - Find Your Voice",Individuals/Feeling Ignored,Community Organizers/Advocates,#MakeYourVoiceHeard #SpeakUp #AdvocateForChange
"People with Chronic Pain - Find Relief",Chronic Pain Sufferers/Discomfort,Pain Management Specialists/Holistic Healers,#ChronicPainRelief #PainManagement #HolisticHealing
"Struggling Students - Find Support",Students/Academic Difficulties,Tutors/Mentors,#StudentSupport #AcademicSuccess #EducationForAll
"People with Eating Disorders - Find Recovery",Eating Disorder Sufferers/Body Image Issues,Therapists/Nutritionists,#EatingDisorderRecovery #BodyPositivity #HealthyEating
"People with PTSD - Find Healing",PTSD Sufferers/Trauma,Therapists/Trauma Specialists,#PTSDRecovery #TraumaHealing #FindYourPeace
"People with Autism - Find Understanding",Autistic Individuals/Social Challenges,Autism Advocates/Therapists,#AutismAwareness #AutismAcceptance #Neurodiversity
"People with ADHD - Find Focus",ADHD Sufferers/Lack of Concentration,ADHD Coaches/Therapists,#ADHDSupport #FocusAndConcentration #Neurodiversity
"People with Depression - Find Hope",Depressed Individuals/Sadness,Therapists/Counselors,#DepressionSupport #FindHope #MentalHealthMatters
"People with Bipolar Disorder - Find Stability",Bipolar Disorder Sufferers/Mood Swings,Therapists/Psychiatrists,#BipolarSupport #MoodStabilization #MentalHealthAwareness
"People with OCD - Find Control",OCD Sufferers/Obsessive Thoughts,Therapists/OCD Specialists,#OCDSupport #ControlObsessions #MentalHealthCare
"People with Anxiety Disorders - Find Calm",Anxiety Disorder Sufferers/Panic,Therapists/Anxiety Specialists,#AnxietyRelief #CalmAnxiety #MentalHealthSupport
"LGBTQ+ Community - Find Acceptance",LGBTQ+ Individuals/Discrimination,LGBTQ+ Advocates/Counselors,#LGBTQSupport #AcceptanceAndLove #PrideCommunity
"People with Substance Use Disorders - Find Recovery",Substance Use Disorder Sufferers/Addiction,Addiction Counselors/Recovery Coaches,#SubstanceAbuseRecovery #CleanAndSober #RecoveryJourney
"People with Learning Disabilities - Find Support",Learning Disability Sufferers/Academic Challenges,Learning Disability Specialists/Tutors,#LearningDisabilitySupport #AcademicSupport #InclusiveEducation
"People with Communication Disorders - Find Voice",Communication Disorder Sufferers/Speech Difficulties,Speech Therapists/Communication Coaches,#CommunicationSupport #FindYourVoice #SpeakFreely
"People with Sensory Processing Disorders - Find Comfort",Sensory Processing Disorder Sufferers/Sensory Overload,Sensory Therapists/Occupational Therapists,#SensorySupport #SensoryIntegration #SensoryFriendly
"People with Chronic Fatigue Syndrome - Find Energy",Chronic Fatigue Syndrome Sufferers/Lack of Energy,Holistic Health Practitioners/Fatigue Specialists,#ChronicFatigueSupport #EnergyRenewal #HolisticHealing
"People with Fibromyalgia - Find Relief",Fibromyalgia Sufferers/Widespread Pain,Pain Management Specialists/Holistic Healers,#FibromyalgiaSupport #PainRelief #HolisticCare
"People with Migraines - Find Relief",Migraine Sufferers/Headaches,Neurologists/Holistic Healers,#MigraineRelief #HeadacheSupport #HolisticPainManagement
"People with Insomnia - Find Sleep",Insomnia Sufferers/Sleep Deprivation,Sleep Specialists/Holistic Health Practitioners,#InsomniaRelief #SleepSupport #RestfulNights
"People with Skin Conditions - Find Healing",Skin Condition Sufferers/Irritation,Dermatologists/Holistic Healers,#SkinHealing #NaturalSkinCare #HolisticDermatology
"People with Digestive Issues - Find Relief",Digestive Issue Sufferers/Discomfort,Gastroenterologists/Nutritionists,#DigestiveHealth #GutHealing #HolisticNutrition
"People with Autoimmune Diseases - Find Balance",Autoimmune Disease Sufferers/Immune System Imbalance,Immunologists/Holistic Health Practitioners,#AutoimmuneSupport #ImmuneBalance #HolisticCare
"People with Heart Disease - Find Health",Heart Disease Sufferers/Cardiovascular Issues,Cardiologists/Nutritionists,#HeartHealth #CardiovascularWellness #HealthyHeart
"People with Diabetes - Find Management",Diabetes Sufferers/Blood Sugar Imbalance,Endocrinologists/Nutritionists,#DiabetesManagement #BloodSugarControl #HealthyLiving
"People with Cancer - Find Support",Cancer Patients/Treatment,Oncologists/Support Groups,#CancerSupport #CancerAwareness #CancerJourney
"People with Stroke - Find Rehabilitation",Stroke Survivors/Rehabilitation,Physical Therapists/Occupational Therapists,#StrokeRecovery #RehabilitationSupport #NeuroRehab
"People with Parkinson's Disease - Find Movement",Parkinson's Disease Sufferers/Movement Disorders,Neurologists/Physical Therapists,#ParkinsonsSupport #MovementTherapy #NeuroRehab
"People with Multiple Sclerosis - Find Mobility",Multiple Sclerosis Sufferers/Mobility Issues,Neurologists/Physical Therapists,#MSSupport #MobilitySupport #NeuroRehab
"People with Epilepsy - Find Control",Epilepsy Sufferers/Seizures,Neurologists/Epilepsy Specialists,#EpilepsySupport #SeizureControl #NeuroCare
"People with Brain Injuries - Find Recovery",Brain Injury Survivors/Cognitive Challenges,Neurologists/Cognitive Therapists,#BrainInjuryRecovery #CognitiveRehab #NeuroRehab
"People with Spinal Cord Injuries - Find Independence",Spinal Cord Injury Survivors/Paralysis,Physical Therapists/Occupational Therapists,#SpinalCordInjurySupport #IndependenceLiving #Rehabilitation
"People with Amputations - Find Adaptation",Amputees/Limb Loss,Prosthetists/Physical Therapists,#AmputeeSupport #AdaptationJourney #Rehabilitation
"People with Rare Diseases - Find Community",Rare Disease Sufferers/Isolation,Rare Disease Advocates/Support Groups,#RareDiseaseSupport #RareDiseaseAwareness #CommunityConnection
"People with Transplantations - Find Support",Transplant Patients/Recovery,Transplant Specialists/Support Groups,#TransplantSupport #RecoveryJourney #OrganTransplant
"People with Chronic Kidney Disease - Find Management",Chronic Kidney Disease Sufferers/Kidney Failure,Nephrologists/Nutritionists,#KidneyDiseaseSupport #KidneyHealth #RenalCare
"People with Liver Disease - Find Management",Liver Disease Sufferers/Liver Failure,Hepatologists/Nutritionists,#LiverDiseaseSupport #LiverHealth #HepaticCare
"People with Lung Diseases - Find Breath",Lung Disease Sufferers/Respiratory Issues,Pulmonologists/Respiratory Therapists,#LungDiseaseSupport #RespiratoryHealth #BreathingSupport
"People with Sepsis - Find Recovery",Sepsis Survivors/Post-Sepsis Syndrome,Infectious Disease Specialists/Rehabilitation Specialists,#SepsisSupport #SepsisRecovery #PostSepsisSyndrome
"People with Burns - Find Healing",Burn Survivors/Scarring,Burn Specialists/Rehabilitation Specialists,#BurnRecovery #ScarHealing #RehabilitationSupport
"People with Frostbite - Find Recovery",Frostbite Survivors/Tissue Damage,Wound Care Specialists/Rehabilitation Specialists,#FrostbiteRecovery #TissueHealing #RehabilitationSupport
"People with Radiation Sickness - Find Recovery",Radiation Sickness Survivors/Radiation Damage,Radiation Oncologists/Rehabilitation Specialists,#RadiationSicknessSupport #RadiationRecovery #RehabilitationSupport
"People with Chemical Poisoning - Find Recovery",Chemical Poisoning Survivors/Toxicity,Toxicologists/Rehabilitation Specialists,#ChemicalPoisoningSupport #Detoxification #RehabilitationSupport
"People with Bites and Stings - Find Relief",Bite and Sting Sufferers/Inflammation,Dermatologists/Allergy Specialists,#BiteAndStingRelief #InflammationRelief #AllergySupport
"People with Heatstroke - Find Recovery",Heatstroke Survivors/Organ Damage,Emergency Medicine Specialists/Rehabilitation Specialists,#HeatstrokeRecovery #OrganSupport #RehabilitationSupport
"People with Drowning - Find Recovery",Drowning Survivors/Lung Damage,Pulmonologists/Rehabilitation Specialists,#DrowningRecovery #LungSupport #RehabilitationSupport
"People with Electrical Injuries - Find Recovery",Electrical Injury Survivors/Nerve Damage,Neurologists/Rehabilitation Specialists,#ElectricalInjuryRecovery #NerveSupport #RehabilitationSupport